"filename", "language", "XML", "Java", "Java Properties", "Docker", "Batch", "comment", "blank", "total"
"c:\Users\name\Documents\mygame\.mvn\wrapper\maven-wrapper.properties", "Java Properties", 0, 0, 2, 0, 0, 0, 1, 3
"c:\Users\name\Documents\mygame\Dockerfile", "Docker", 0, 0, 0, 12, 0, 7, 7, 26
"c:\Users\name\Documents\mygame\mvnw.cmd", "Batch", 0, 0, 0, 0, 108, 26, 16, 150
"c:\Users\name\Documents\mygame\pom.xml", "XML", 232, 0, 0, 0, 0, 11, 14, 257
"c:\Users\name\Documents\mygame\src\main\java\com\mygame\MygameApplication.java", "Java", 0, 9, 0, 0, 0, 0, 5, 14
"c:\Users\name\Documents\mygame\src\main\java\com\mygame\config\ApplicationConfig.java", "Java", 0, 19, 0, 0, 0, 0, 6, 25
"c:\Users\name\Documents\mygame\src\main\java\com\mygame\config\GenericControllerDocumentationConfig.java", "Java", 0, 76, 0, 0, 0, 3, 9, 88
"c:\Users\name\Documents\mygame\src\main\java\com\mygame\config\payment\paypal\PayPalEndpoints.java", "Java", 0, 19, 0, 0, 0, 0, 7, 26
"c:\Users\name\Documents\mygame\src\main\java\com\mygame\config\payment\paypal\PayPalHttpClient.java", "Java", 0, 81, 0, 0, 0, 1, 18, 100
"c:\Users\name\Documents\mygame\src\main\java\com\mygame\config\payment\paypal\PaypalConfig.java", "Java", 0, 16, 0, 0, 0, 0, 7, 23
"c:\Users\name\Documents\mygame\src\main\java\com\mygame\config\security\AuthTokenFilter.java", "Java", 0, 49, 0, 0, 0, 3, 15, 67
"c:\Users\name\Documents\mygame\src\main\java\com\mygame\config\security\JwtUtils.java", "Java", 0, 52, 0, 0, 0, 0, 12, 64
"c:\Users\name\Documents\mygame\src\main\java\com\mygame\config\security\UserDetailsImpl.java", "Java", 0, 45, 0, 0, 0, 1, 16, 62
"c:\Users\name\Documents\mygame\src\main\java\com\mygame\config\security\UserDetailsServiceImpl.java", "Java", 0, 24, 0, 0, 0, 1, 9, 34
"c:\Users\name\Documents\mygame\src\main\java\com\mygame\config\security\WebSecurityConfig.java", "Java", 0, 83, 0, 0, 0, 2, 14, 99
"c:\Users\name\Documents\mygame\src\main\java\com\mygame\config\websocket\WebsocketConfig.java", "Java", 0, 21, 0, 0, 0, 5, 6, 32
"c:\Users\name\Documents\mygame\src\main\java\com\mygame\constant\AppConstants.java", "Java", 0, 9, 0, 0, 0, 0, 2, 11
"c:\Users\name\Documents\mygame\src\main\java\com\mygame\constant\FieldName.java", "Java", 0, 12, 0, 0, 0, 0, 2, 14
"c:\Users\name\Documents\mygame\src\main\java\com\mygame\constant\ResourceName.java", "Java", 0, 57, 0, 0, 0, 0, 2, 59
"c:\Users\name\Documents\mygame\src\main\java\com\mygame\constant\SearchFields.java", "Java", 0, 366, 0, 0, 0, 0, 54, 420
"c:\Users\name\Documents\mygame\src\main\java\com\mygame\constant\SecurityConstants.java", "Java", 0, 27, 0, 0, 0, 0, 7, 34
"c:\Users\name\Documents\mygame\src\main\java\com\mygame\controller\FunctionalEndpointRegister.java", "Java", 0, 20, 0, 0, 0, 0, 6, 26
"c:\Users\name\Documents\mygame\src\main\java\com\mygame\controller\GenericController.java", "Java", 0, 51, 0, 0, 0, 0, 12, 63
"c:\Users\name\Documents\mygame\src\main\java\com\mygame\controller\GenericMappingRegister.java", "Java", 0, 515, 0, 0, 0, 2, 64, 581
"c:\Users\name\Documents\mygame\src\main\java\com\mygame\controller\HandlerFunctions.java", "Java", 0, 27, 0, 0, 0, 0, 8, 35
"c:\Users\name\Documents\mygame\src\main\java\com\mygame\controller\address\ProvinceController.java", "Java", 0, 1, 0, 0, 0, 61, 1, 63
"c:\Users\name\Documents\mygame\src\main\java\com\mygame\controller\authentication\AuthController.java", "Java", 0, 91, 0, 0, 0, 0, 19, 110
"c:\Users\name\Documents\mygame\src\main\java\com\mygame\controller\chat\ChatController.java", "Java", 0, 40, 0, 0, 0, 0, 7, 47
"c:\Users\name\Documents\mygame\src\main\java\com\mygame\controller\client\ClientCartController.java", "Java", 0, 75, 0, 0, 0, 3, 14, 92
"c:\Users\name\Documents\mygame\src\main\java\com\mygame\controller\client\ClientCategoryController.java", "Java", 0, 36, 0, 0, 0, 0, 8, 44
"c:\Users\name\Documents\mygame\src\main\java\com\mygame\controller\client\ClientChatController.java", "Java", 0, 67, 0, 0, 0, 0, 15, 82
"c:\Users\name\Documents\mygame\src\main\java\com\mygame\controller\client\ClientFilterController.java", "Java", 0, 40, 0, 0, 0, 0, 9, 49
"c:\Users\name\Documents\mygame\src\main\java\com\mygame\controller\client\ClientNotificationController.java", "Java", 0, 85, 0, 0, 0, 1, 14, 100
"c:\Users\name\Documents\mygame\src\main\java\com\mygame\controller\client\ClientOrderController.java", "Java", 0, 100, 0, 0, 0, 0, 19, 119
"c:\Users\name\Documents\mygame\src\main\java\com\mygame\controller\client\ClientPaymentMethodController.java", "Java", 0, 28, 0, 0, 0, 0, 7, 35
"c:\Users\name\Documents\mygame\src\main\java\com\mygame\controller\client\ClientPreorderController.java", "Java", 0, 81, 0, 0, 0, 0, 13, 94
"c:\Users\name\Documents\mygame\src\main\java\com\mygame\controller\client\ClientProductController.java", "Java", 0, 82, 0, 0, 0, 5, 19, 106
"c:\Users\name\Documents\mygame\src\main\java\com\mygame\controller\client\ClientReviewController.java", "Java", 0, 74, 0, 0, 0, 0, 11, 85
"c:\Users\name\Documents\mygame\src\main\java\com\mygame\controller\client\ClientRewardController.java", "Java", 0, 41, 0, 0, 0, 0, 10, 51
"c:\Users\name\Documents\mygame\src\main\java\com\mygame\controller\client\ClientUserController.java", "Java", 0, 84, 0, 0, 0, 2, 13, 99
"c:\Users\name\Documents\mygame\src\main\java\com\mygame\controller\client\ClientWishController.java", "Java", 0, 55, 0, 0, 0, 0, 10, 65
"c:\Users\name\Documents\mygame\src\main\java\com\mygame\controller\general\ImageController.java", "Java", 0, 65, 0, 0, 0, 0, 15, 80
"c:\Users\name\Documents\mygame\src\main\java\com\mygame\controller\inventory\CountVariantController.java", "Java", 0, 33, 0, 0, 0, 0, 8, 41
"c:\Users\name\Documents\mygame\src\main\java\com\mygame\controller\inventory\DocketVariantController.java", "Java", 0, 33, 0, 0, 0, 0, 8, 41
"c:\Users\name\Documents\mygame\src\main\java\com\mygame\controller\inventory\InventoryController.java", "Java", 0, 99, 0, 0, 0, 2, 34, 135
"c:\Users\name\Documents\mygame\src\main\java\com\mygame\controller\inventory\PurchaseOrderVariantController.java", "Java", 0, 33, 0, 0, 0, 0, 8, 41
"c:\Users\name\Documents\mygame\src\main\java\com\mygame\controller\order\OrderController.java", "Java", 0, 21, 0, 0, 0, 0, 6, 27
"c:\Users\name\Documents\mygame\src\main\java\com\mygame\controller\order\OrderVariantController.java", "Java", 0, 33, 0, 0, 0, 0, 8, 41
"c:\Users\name\Documents\mygame\src\main\java\com\mygame\controller\promotion\PromotionController.java", "Java", 0, 25, 0, 0, 0, 0, 7, 32
"c:\Users\name\Documents\mygame\src\main\java\com\mygame\controller\statistic\StatisticController.java", "Java", 0, 22, 0, 0, 0, 1, 6, 29
"c:\Users\name\Documents\mygame\src\main\java\com\mygame\controller\waybill\WaybillController.java", "Java", 0, 22, 0, 0, 0, 0, 6, 28
"c:\Users\name\Documents\mygame\src\main\java\com\mygame\dto\CollectionWrapper.java", "Java", 0, 17, 0, 0, 0, 0, 6, 23
"c:\Users\name\Documents\mygame\src\main\java\com\mygame\dto\ListResponse.java", "Java", 0, 24, 0, 0, 0, 0, 6, 30
"c:\Users\name\Documents\mygame\src\main\java\com\mygame\dto\address\AddressRequest.java", "Java", 0, 9, 0, 0, 0, 0, 3, 12
"c:\Users\name\Documents\mygame\src\main\java\com\mygame\dto\address\AddressResponse.java", "Java", 0, 34, 0, 0, 0, 0, 6, 40
"c:\Users\name\Documents\mygame\src\main\java\com\mygame\dto\address\DistrictRequest.java", "Java", 0, 8, 0, 0, 0, 0, 3, 11
"c:\Users\name\Documents\mygame\src\main\java\com\mygame\dto\address\DistrictResponse.java", "Java", 0, 12, 0, 0, 0, 0, 4, 16
"c:\Users\name\Documents\mygame\src\main\java\com\mygame\dto\address\ProvinceRequest.java", "Java", 0, 7, 0, 0, 0, 0, 3, 10
"c:\Users\name\Documents\mygame\src\main\java\com\mygame\dto\address\ProvinceResponse.java", "Java", 0, 11, 0, 0, 0, 0, 4, 15
"c:\Users\name\Documents\mygame\src\main\java\com\mygame\dto\address\WardRequest.java", "Java", 0, 8, 0, 0, 0, 0, 3, 11
"c:\Users\name\Documents\mygame\src\main\java\com\mygame\dto\address\WardResponse.java", "Java", 0, 12, 0, 0, 0, 0, 4, 16
"c:\Users\name\Documents\mygame\src\main\java\com\mygame\dto\authentication\JwtResponse.java", "Java", 0, 12, 0, 0, 0, 0, 4, 16
"c:\Users\name\Documents\mygame\src\main\java\com\mygame\dto\authentication\LoginRequest.java", "Java", 0, 7, 0, 0, 0, 0, 3, 10
"c:\Users\name\Documents\mygame\src\main\java\com\mygame\dto\authentication\RefreshTokenRequest.java", "Java", 0, 6, 0, 0, 0, 0, 3, 9
"c:\Users\name\Documents\mygame\src\main\java\com\mygame\dto\authentication\RegistrationRequest.java", "Java", 0, 7, 0, 0, 0, 0, 3, 10
"c:\Users\name\Documents\mygame\src\main\java\com\mygame\dto\authentication\RegistrationResponse.java", "Java", 0, 8, 0, 0, 0, 0, 3, 11
"c:\Users\name\Documents\mygame\src\main\java\com\mygame\dto\authentication\ResetPasswordRequest.java", "Java", 0, 8, 0, 0, 0, 0, 3, 11
"c:\Users\name\Documents\mygame\src\main\java\com\mygame\dto\authentication\RoleRequest.java", "Java", 0, 8, 0, 0, 0, 0, 3, 11
"c:\Users\name\Documents\mygame\src\main\java\com\mygame\dto\authentication\RoleResponse.java", "Java", 0, 12, 0, 0, 0, 0, 4, 16
"c:\Users\name\Documents\mygame\src\main\java\com\mygame\dto\authentication\Role_UserRequest.java", "Java", 0, 9, 0, 0, 0, 0, 3, 12
"c:\Users\name\Documents\mygame\src\main\java\com\mygame\dto\authentication\UserRequest.java", "Java", 0, 17, 0, 0, 0, 0, 4, 21
"c:\Users\name\Documents\mygame\src\main\java\com\mygame\dto\authentication\UserResponse.java", "Java", 0, 20, 0, 0, 0, 0, 4, 24
"c:\Users\name\Documents\mygame\src\main\java\com\mygame\dto\cashbook\ClientPaymentMethodResponse.java", "Java", 0, 9, 0, 0, 0, 0, 3, 12
"c:\Users\name\Documents\mygame\src\main\java\com\mygame\dto\cashbook\PaymentMethodRequest.java", "Java", 0, 6, 0, 0, 0, 0, 3, 9
"c:\Users\name\Documents\mygame\src\main\java\com\mygame\dto\cashbook\PaymentMethodResponse.java", "Java", 0, 13, 0, 0, 0, 0, 4, 17
"c:\Users\name\Documents\mygame\src\main\java\com\mygame\dto\chat\ClientRoomExistenceResponse.java", "Java", 0, 9, 0, 0, 0, 0, 4, 13
"c:\Users\name\Documents\mygame\src\main\java\com\mygame\dto\chat\MessageRequest.java", "Java", 0, 11, 0, 0, 0, 0, 3, 14
"c:\Users\name\Documents\mygame\src\main\java\com\mygame\dto\chat\MessageResponse.java", "Java", 0, 22, 0, 0, 0, 0, 5, 27
"c:\Users\name\Documents\mygame\src\main\java\com\mygame\dto\chat\RoomRequest.java", "Java", 0, 7, 0, 0, 0, 0, 3, 10
"c:\Users\name\Documents\mygame\src\main\java\com\mygame\dto\chat\RoomResponse.java", "Java", 0, 22, 0, 0, 0, 0, 5, 27
"c:\Users\name\Documents\mygame\src\main\java\com\mygame\dto\client\ClientBrandResponse.java", "Java", 0, 9, 0, 0, 0, 0, 3, 12
"c:\Users\name\Documents\mygame\src\main\java\com\mygame\dto\client\ClientCartRequest.java", "Java", 0, 13, 0, 0, 0, 0, 4, 17
"c:\Users\name\Documents\mygame\src\main\java\com\mygame\dto\client\ClientCartResponse.java", "Java", 0, 8, 0, 0, 0, 0, 4, 12
"c:\Users\name\Documents\mygame\src\main\java\com\mygame\dto\client\ClientCartVariantKeyRequest.java", "Java", 0, 7, 0, 0, 0, 0, 3, 10
"c:\Users\name\Documents\mygame\src\main\java\com\mygame\dto\client\ClientCartVariantRequest.java", "Java", 0, 7, 0, 0, 0, 0, 3, 10
"c:\Users\name\Documents\mygame\src\main\java\com\mygame\dto\client\ClientCartVariantResponse.java", "Java", 0, 28, 0, 0, 0, 0, 5, 33
"c:\Users\name\Documents\mygame\src\main\java\com\mygame\dto\client\ClientCategoryResponse.java", "Java", 0, 17, 0, 0, 0, 0, 4, 21
"c:\Users\name\Documents\mygame\src\main\java\com\mygame\dto\client\ClientConfirmedOrderResponse.java", "Java", 0, 11, 0, 0, 0, 0, 3, 14
"c:\Users\name\Documents\mygame\src\main\java\com\mygame\dto\client\ClientEmailSettingUserRequest.java", "Java", 0, 6, 0, 0, 0, 0, 3, 9
"c:\Users\name\Documents\mygame\src\main\java\com\mygame\dto\client\ClientFilterResponse.java", "Java", 0, 12, 0, 0, 0, 1, 4, 17
"c:\Users\name\Documents\mygame\src\main\java\com\mygame\dto\client\ClientListedProductResponse.java", "Java", 0, 28, 0, 0, 0, 0, 5, 33
"c:\Users\name\Documents\mygame\src\main\java\com\mygame\dto\client\ClientOrderDetailResponse.java", "Java", 0, 29, 0, 0, 0, 0, 4, 33
"c:\Users\name\Documents\mygame\src\main\java\com\mygame\dto\client\ClientOrderRequest.java", "Java", 0, 30, 0, 0, 0, 0, 4, 34
"c:\Users\name\Documents\mygame\src\main\java\com\mygame\dto\client\ClientOrderResponse.java", "Java", 0, 37, 0, 0, 0, 0, 4, 41
"c:\Users\name\Documents\mygame\src\main\java\com\mygame\dto\client\ClientOrderVariantResponse.java", "Java", 0, 28, 0, 0, 0, 0, 6, 34
"c:\Users\name\Documents\mygame\src\main\java\com\mygame\dto\client\ClientPasswordSettingUserRequest.java", "Java", 0, 7, 0, 0, 0, 0, 3, 10
"c:\Users\name\Documents\mygame\src\main\java\com\mygame\dto\client\ClientPersonalSettingUserRequest.java", "Java", 0, 10, 0, 0, 0, 0, 3, 13
"c:\Users\name\Documents\mygame\src\main\java\com\mygame\dto\client\ClientPhoneSettingUserRequest.java", "Java", 0, 6, 0, 0, 0, 0, 3, 9
"c:\Users\name\Documents\mygame\src\main\java\com\mygame\dto\client\ClientPreorderRequest.java", "Java", 0, 10, 0, 0, 0, 0, 3, 13
"c:\Users\name\Documents\mygame\src\main\java\com\mygame\dto\client\ClientPreorderResponse.java", "Java", 0, 13, 0, 0, 0, 0, 4, 17
"c:\Users\name\Documents\mygame\src\main\java\com\mygame\dto\client\ClientProductResponse.java", "Java", 0, 47, 0, 0, 0, 0, 6, 53
"c:\Users\name\Documents\mygame\src\main\java\com\mygame\dto\client\ClientPromotionResponse.java", "Java", 0, 7, 0, 0, 0, 0, 3, 10
"c:\Users\name\Documents\mygame\src\main\java\com\mygame\dto\client\ClientReviewRequest.java", "Java", 0, 12, 0, 0, 0, 0, 3, 15
"c:\Users\name\Documents\mygame\src\main\java\com\mygame\dto\client\ClientReviewResponse.java", "Java", 0, 18, 0, 0, 0, 0, 4, 22
"c:\Users\name\Documents\mygame\src\main\java\com\mygame\dto\client\ClientRewardLogResponse.java", "Java", 0, 12, 0, 0, 0, 0, 4, 16
"c:\Users\name\Documents\mygame\src\main\java\com\mygame\dto\client\ClientRewardResponse.java", "Java", 0, 8, 0, 0, 0, 0, 4, 12
"c:\Users\name\Documents\mygame\src\main\java\com\mygame\dto\client\ClientSimpleOrderRequest.java", "Java", 0, 7, 0, 0, 0, 0, 3, 10
"c:\Users\name\Documents\mygame\src\main\java\com\mygame\dto\client\ClientSimpleOrderResponse.java", "Java", 0, 15, 0, 0, 0, 0, 4, 19
"c:\Users\name\Documents\mygame\src\main\java\com\mygame\dto\client\ClientSimpleReviewResponse.java", "Java", 0, 25, 0, 0, 0, 0, 5, 30
"c:\Users\name\Documents\mygame\src\main\java\com\mygame\dto\client\ClientWaybillResponse.java", "Java", 0, 20, 0, 0, 0, 0, 5, 25
"c:\Users\name\Documents\mygame\src\main\java\com\mygame\dto\client\ClientWishRequest.java", "Java", 0, 7, 0, 0, 0, 0, 3, 10
"c:\Users\name\Documents\mygame\src\main\java\com\mygame\dto\client\ClientWishResponse.java", "Java", 0, 11, 0, 0, 0, 0, 4, 15
"c:\Users\name\Documents\mygame\src\main\java\com\mygame\dto\client\UpdateQuantityType.java", "Java", 0, 5, 0, 0, 0, 0, 2, 7
"c:\Users\name\Documents\mygame\src\main\java\com\mygame\dto\customer\CustomerGroupRequest.java", "Java", 0, 10, 0, 0, 0, 0, 3, 13
"c:\Users\name\Documents\mygame\src\main\java\com\mygame\dto\customer\CustomerGroupResponse.java", "Java", 0, 14, 0, 0, 0, 0, 4, 18
"c:\Users\name\Documents\mygame\src\main\java\com\mygame\dto\customer\CustomerRequest.java", "Java", 0, 10, 0, 0, 0, 0, 3, 13
"c:\Users\name\Documents\mygame\src\main\java\com\mygame\dto\customer\CustomerResourceRequest.java", "Java", 0, 10, 0, 0, 0, 0, 3, 13
"c:\Users\name\Documents\mygame\src\main\java\com\mygame\dto\customer\CustomerResourceResponse.java", "Java", 0, 14, 0, 0, 0, 0, 4, 18
"c:\Users\name\Documents\mygame\src\main\java\com\mygame\dto\customer\CustomerResponse.java", "Java", 0, 14, 0, 0, 0, 0, 4, 18
"c:\Users\name\Documents\mygame\src\main\java\com\mygame\dto\customer\CustomerStatusRequest.java", "Java", 0, 10, 0, 0, 0, 0, 3, 13
"c:\Users\name\Documents\mygame\src\main\java\com\mygame\dto\customer\CustomerStatusResponse.java", "Java", 0, 14, 0, 0, 0, 0, 4, 18
"c:\Users\name\Documents\mygame\src\main\java\com\mygame\dto\employee\DepartmentRequest.java", "Java", 0, 7, 0, 0, 0, 0, 3, 10
"c:\Users\name\Documents\mygame\src\main\java\com\mygame\dto\employee\DepartmentResponse.java", "Java", 0, 11, 0, 0, 0, 0, 4, 15
"c:\Users\name\Documents\mygame\src\main\java\com\mygame\dto\employee\EmployeeRequest.java", "Java", 0, 12, 0, 0, 0, 0, 3, 15
"c:\Users\name\Documents\mygame\src\main\java\com\mygame\dto\employee\EmployeeResponse.java", "Java", 0, 16, 0, 0, 0, 0, 4, 20
"c:\Users\name\Documents\mygame\src\main\java\com\mygame\dto\employee\JobLevelRequest.java", "Java", 0, 7, 0, 0, 0, 0, 3, 10
"c:\Users\name\Documents\mygame\src\main\java\com\mygame\dto\employee\JobLevelResponse.java", "Java", 0, 11, 0, 0, 0, 0, 4, 15
"c:\Users\name\Documents\mygame\src\main\java\com\mygame\dto\employee\JobTitleRequest.java", "Java", 0, 7, 0, 0, 0, 0, 3, 10
"c:\Users\name\Documents\mygame\src\main\java\com\mygame\dto\employee\JobTitleResponse.java", "Java", 0, 11, 0, 0, 0, 0, 4, 15
"c:\Users\name\Documents\mygame\src\main\java\com\mygame\dto\employee\JobTypeRequest.java", "Java", 0, 7, 0, 0, 0, 0, 3, 10
"c:\Users\name\Documents\mygame\src\main\java\com\mygame\dto\employee\JobTypeResponse.java", "Java", 0, 11, 0, 0, 0, 0, 4, 15
"c:\Users\name\Documents\mygame\src\main\java\com\mygame\dto\employee\OfficeRequest.java", "Java", 0, 9, 0, 0, 0, 0, 3, 12
"c:\Users\name\Documents\mygame\src\main\java\com\mygame\dto\employee\OfficeResponse.java", "Java", 0, 13, 0, 0, 0, 0, 4, 17
"c:\Users\name\Documents\mygame\src\main\java\com\mygame\dto\general\EventInitiationResponse.java", "Java", 0, 8, 0, 0, 0, 0, 3, 11
"c:\Users\name\Documents\mygame\src\main\java\com\mygame\dto\general\ImageRequest.java", "Java", 0, 14, 0, 0, 0, 0, 3, 17
"c:\Users\name\Documents\mygame\src\main\java\com\mygame\dto\general\ImageResponse.java", "Java", 0, 13, 0, 0, 0, 0, 3, 16
"c:\Users\name\Documents\mygame\src\main\java\com\mygame\dto\general\NotificationRequest.java", "Java", 0, 13, 0, 0, 0, 0, 3, 16
"c:\Users\name\Documents\mygame\src\main\java\com\mygame\dto\general\NotificationResponse.java", "Java", 0, 15, 0, 0, 0, 0, 4, 19
"c:\Users\name\Documents\mygame\src\main\java\com\mygame\dto\general\UploadedImageResponse.java", "Java", 0, 9, 0, 0, 0, 0, 3, 12
"c:\Users\name\Documents\mygame\src\main\java\com\mygame\dto\inventory\CountRequest.java", "Java", 0, 13, 0, 0, 0, 0, 4, 17
"c:\Users\name\Documents\mygame\src\main\java\com\mygame\dto\inventory\CountResponse.java", "Java", 0, 17, 0, 0, 0, 0, 4, 21
"c:\Users\name\Documents\mygame\src\main\java\com\mygame\dto\inventory\CountVariantKeyRequest.java", "Java", 0, 7, 0, 0, 0, 0, 3, 10
"c:\Users\name\Documents\mygame\src\main\java\com\mygame\dto\inventory\CountVariantRequest.java", "Java", 0, 8, 0, 0, 0, 0, 3, 11
"c:\Users\name\Documents\mygame\src\main\java\com\mygame\dto\inventory\CountVariantResponse.java", "Java", 0, 33, 0, 0, 0, 0, 6, 39
"c:\Users\name\Documents\mygame\src\main\java\com\mygame\dto\inventory\DestinationRequest.java", "Java", 0, 15, 0, 0, 0, 0, 3, 18
"c:\Users\name\Documents\mygame\src\main\java\com\mygame\dto\inventory\DestinationResponse.java", "Java", 0, 19, 0, 0, 0, 0, 4, 23
"c:\Users\name\Documents\mygame\src\main\java\com\mygame\dto\inventory\DocketReasonRequest.java", "Java", 0, 7, 0, 0, 0, 0, 3, 10
"c:\Users\name\Documents\mygame\src\main\java\com\mygame\dto\inventory\DocketReasonResponse.java", "Java", 0, 11, 0, 0, 0, 0, 4, 15
"c:\Users\name\Documents\mygame\src\main\java\com\mygame\dto\inventory\DocketRequest.java", "Java", 0, 19, 0, 0, 0, 0, 4, 23
"c:\Users\name\Documents\mygame\src\main\java\com\mygame\dto\inventory\DocketResponse.java", "Java", 0, 39, 0, 0, 0, 0, 6, 45
"c:\Users\name\Documents\mygame\src\main\java\com\mygame\dto\inventory\DocketVariantEliminatedResponse.java", "Java", 0, 40, 0, 0, 0, 0, 7, 47
"c:\Users\name\Documents\mygame\src\main\java\com\mygame\dto\inventory\DocketVariantExtendedResponse.java", "Java", 0, 52, 0, 0, 0, 0, 8, 60
"c:\Users\name\Documents\mygame\src\main\java\com\mygame\dto\inventory\DocketVariantKeyRequest.java", "Java", 0, 7, 0, 0, 0, 0, 3, 10
"c:\Users\name\Documents\mygame\src\main\java\com\mygame\dto\inventory\DocketVariantRequest.java", "Java", 0, 7, 0, 0, 0, 0, 3, 10
"c:\Users\name\Documents\mygame\src\main\java\com\mygame\dto\inventory\DocketVariantResponse.java", "Java", 0, 32, 0, 0, 0, 0, 6, 38
"c:\Users\name\Documents\mygame\src\main\java\com\mygame\dto\inventory\ProductInventoryLimitRequest.java", "Java", 0, 11, 0, 0, 0, 0, 3, 14
"c:\Users\name\Documents\mygame\src\main\java\com\mygame\dto\inventory\ProductInventoryLimitResponse.java", "Java", 0, 14, 0, 0, 0, 0, 4, 18
"c:\Users\name\Documents\mygame\src\main\java\com\mygame\dto\inventory\ProductInventoryResponse.java", "Java", 0, 29, 0, 0, 0, 0, 5, 34
"c:\Users\name\Documents\mygame\src\main\java\com\mygame\dto\inventory\PurchaseOrderRequest.java", "Java", 0, 15, 0, 0, 0, 0, 4, 19
"c:\Users\name\Documents\mygame\src\main\java\com\mygame\dto\inventory\PurchaseOrderResponse.java", "Java", 0, 41, 0, 0, 0, 0, 6, 47
"c:\Users\name\Documents\mygame\src\main\java\com\mygame\dto\inventory\PurchaseOrderVariantKeyRequest.java", "Java", 0, 7, 0, 0, 0, 0, 3, 10
"c:\Users\name\Documents\mygame\src\main\java\com\mygame\dto\inventory\PurchaseOrderVariantRequest.java", "Java", 0, 9, 0, 0, 0, 0, 3, 12
"c:\Users\name\Documents\mygame\src\main\java\com\mygame\dto\inventory\PurchaseOrderVariantResponse.java", "Java", 0, 34, 0, 0, 0, 0, 6, 40
"c:\Users\name\Documents\mygame\src\main\java\com\mygame\dto\inventory\StorageLocationRequest.java", "Java", 0, 8, 0, 0, 0, 0, 3, 11
"c:\Users\name\Documents\mygame\src\main\java\com\mygame\dto\inventory\StorageLocationResponse.java", "Java", 0, 13, 0, 0, 0, 0, 4, 17
"c:\Users\name\Documents\mygame\src\main\java\com\mygame\dto\inventory\TransferRequest.java", "Java", 0, 11, 0, 0, 0, 0, 3, 14
"c:\Users\name\Documents\mygame\src\main\java\com\mygame\dto\inventory\TransferResponse.java", "Java", 0, 15, 0, 0, 0, 0, 4, 19
"c:\Users\name\Documents\mygame\src\main\java\com\mygame\dto\inventory\VariantInventoryLimitRequest.java", "Java", 0, 11, 0, 0, 0, 0, 3, 14
"c:\Users\name\Documents\mygame\src\main\java\com\mygame\dto\inventory\VariantInventoryLimitResponse.java", "Java", 0, 14, 0, 0, 0, 0, 4, 18
"c:\Users\name\Documents\mygame\src\main\java\com\mygame\dto\inventory\VariantInventoryResponse.java", "Java", 0, 37, 0, 0, 0, 0, 6, 43
"c:\Users\name\Documents\mygame\src\main\java\com\mygame\dto\inventory\WarehouseRequest.java", "Java", 0, 12, 0, 0, 0, 0, 3, 15
"c:\Users\name\Documents\mygame\src\main\java\com\mygame\dto\inventory\WarehouseResponse.java", "Java", 0, 16, 0, 0, 0, 0, 4, 20
"c:\Users\name\Documents\mygame\src\main\java\com\mygame\dto\json\ProductPropertyItem.java", "Java", 0, 10, 0, 0, 0, 0, 4, 14
"c:\Users\name\Documents\mygame\src\main\java\com\mygame\dto\json\VariantPropertyItem.java", "Java", 0, 9, 0, 0, 0, 0, 3, 12
"c:\Users\name\Documents\mygame\src\main\java\com\mygame\dto\order\OrderCancellationReasonRequest.java", "Java", 0, 10, 0, 0, 0, 0, 3, 13
"c:\Users\name\Documents\mygame\src\main\java\com\mygame\dto\order\OrderCancellationReasonResponse.java", "Java", 0, 14, 0, 0, 0, 0, 4, 18
"c:\Users\name\Documents\mygame\src\main\java\com\mygame\dto\order\OrderRequest.java", "Java", 0, 30, 0, 0, 0, 0, 4, 34
"c:\Users\name\Documents\mygame\src\main\java\com\mygame\dto\order\OrderResourceRequest.java", "Java", 0, 12, 0, 0, 0, 0, 3, 15
"c:\Users\name\Documents\mygame\src\main\java\com\mygame\dto\order\OrderResourceResponse.java", "Java", 0, 17, 0, 0, 0, 0, 4, 21
"c:\Users\name\Documents\mygame\src\main\java\com\mygame\dto\order\OrderResponse.java", "Java", 0, 35, 0, 0, 0, 0, 4, 39
"c:\Users\name\Documents\mygame\src\main\java\com\mygame\dto\order\OrderVariantKeyRequest.java", "Java", 0, 7, 0, 0, 0, 0, 3, 10
"c:\Users\name\Documents\mygame\src\main\java\com\mygame\dto\order\OrderVariantRequest.java", "Java", 0, 10, 0, 0, 0, 0, 4, 14
"c:\Users\name\Documents\mygame\src\main\java\com\mygame\dto\order\OrderVariantResponse.java", "Java", 0, 35, 0, 0, 0, 0, 6, 41
"c:\Users\name\Documents\mygame\src\main\java\com\mygame\dto\payment\AccessTokenResponse.java", "Java", 0, 22, 0, 0, 0, 0, 5, 27
"c:\Users\name\Documents\mygame\src\main\java\com\mygame\dto\payment\ClientTokenResponse.java", "Java", 0, 10, 0, 0, 0, 0, 3, 13
"c:\Users\name\Documents\mygame\src\main\java\com\mygame\dto\payment\OrderIntent.java", "Java", 0, 5, 0, 0, 0, 0, 2, 7
"c:\Users\name\Documents\mygame\src\main\java\com\mygame\dto\payment\OrderStatus.java", "Java", 0, 9, 0, 0, 0, 0, 2, 11
"c:\Users\name\Documents\mygame\src\main\java\com\mygame\dto\payment\PaymentLandingPage.java", "Java", 0, 6, 0, 0, 0, 0, 2, 8
"c:\Users\name\Documents\mygame\src\main\java\com\mygame\dto\payment\PaypalCheckoutResponse.java", "Java", 0, 8, 0, 0, 0, 0, 3, 11
"c:\Users\name\Documents\mygame\src\main\java\com\mygame\dto\payment\PaypalRequest.java", "Java", 0, 42, 0, 0, 0, 0, 7, 49
"c:\Users\name\Documents\mygame\src\main\java\com\mygame\dto\payment\PaypalResponse.java", "Java", 0, 22, 0, 0, 0, 0, 5, 27
"c:\Users\name\Documents\mygame\src\main\java\com\mygame\dto\product\BrandRequest.java", "Java", 0, 9, 0, 0, 0, 0, 3, 12
"c:\Users\name\Documents\mygame\src\main\java\com\mygame\dto\product\BrandResponse.java", "Java", 0, 13, 0, 0, 0, 0, 4, 17
"c:\Users\name\Documents\mygame\src\main\java\com\mygame\dto\product\CategoryRequest.java", "Java", 0, 11, 0, 0, 0, 0, 3, 14
"c:\Users\name\Documents\mygame\src\main\java\com\mygame\dto\product\CategoryResponse.java", "Java", 0, 17, 0, 0, 0, 0, 4, 21
"c:\Users\name\Documents\mygame\src\main\java\com\mygame\dto\product\GuaranteeRequest.java", "Java", 0, 8, 0, 0, 0, 0, 3, 11
"c:\Users\name\Documents\mygame\src\main\java\com\mygame\dto\product\GuaranteeResponse.java", "Java", 0, 12, 0, 0, 0, 0, 4, 16
"c:\Users\name\Documents\mygame\src\main\java\com\mygame\dto\product\ParentCategoryResponse.java", "Java", 0, 14, 0, 0, 0, 0, 4, 18
"c:\Users\name\Documents\mygame\src\main\java\com\mygame\dto\product\ProductRequest.java", "Java", 0, 44, 0, 0, 0, 0, 5, 49
"c:\Users\name\Documents\mygame\src\main\java\com\mygame\dto\product\ProductResponse.java", "Java", 0, 66, 0, 0, 0, 0, 6, 72
"c:\Users\name\Documents\mygame\src\main\java\com\mygame\dto\product\PropertyRequest.java", "Java", 0, 9, 0, 0, 0, 0, 3, 12
"c:\Users\name\Documents\mygame\src\main\java\com\mygame\dto\product\PropertyResponse.java", "Java", 0, 13, 0, 0, 0, 0, 4, 17
"c:\Users\name\Documents\mygame\src\main\java\com\mygame\dto\product\SpecificationRequest.java", "Java", 0, 9, 0, 0, 0, 0, 3, 12
"c:\Users\name\Documents\mygame\src\main\java\com\mygame\dto\product\SpecificationResponse.java", "Java", 0, 13, 0, 0, 0, 0, 4, 17
"c:\Users\name\Documents\mygame\src\main\java\com\mygame\dto\product\SupplierRequest.java", "Java", 0, 21, 0, 0, 0, 0, 3, 24
"c:\Users\name\Documents\mygame\src\main\java\com\mygame\dto\product\SupplierResponse.java", "Java", 0, 25, 0, 0, 0, 0, 4, 29
"c:\Users\name\Documents\mygame\src\main\java\com\mygame\dto\product\TagRequest.java", "Java", 0, 8, 0, 0, 0, 0, 3, 11
"c:\Users\name\Documents\mygame\src\main\java\com\mygame\dto\product\TagResponse.java", "Java", 0, 12, 0, 0, 0, 0, 4, 16
"c:\Users\name\Documents\mygame\src\main\java\com\mygame\dto\product\UnitRequest.java", "Java", 0, 7, 0, 0, 0, 0, 3, 10
"c:\Users\name\Documents\mygame\src\main\java\com\mygame\dto\product\UnitResponse.java", "Java", 0, 11, 0, 0, 0, 0, 4, 15
"c:\Users\name\Documents\mygame\src\main\java\com\mygame\dto\product\VariantRequest.java", "Java", 0, 17, 0, 0, 0, 0, 3, 20
"c:\Users\name\Documents\mygame\src\main\java\com\mygame\dto\product\VariantResponse.java", "Java", 0, 27, 0, 0, 0, 0, 5, 32
"c:\Users\name\Documents\mygame\src\main\java\com\mygame\dto\promotion\PromotionCheckingResponse.java", "Java", 0, 8, 0, 0, 0, 0, 3, 11
"c:\Users\name\Documents\mygame\src\main\java\com\mygame\dto\promotion\PromotionRequest.java", "Java", 0, 18, 0, 0, 0, 0, 4, 22
"c:\Users\name\Documents\mygame\src\main\java\com\mygame\dto\promotion\PromotionResponse.java", "Java", 0, 17, 0, 0, 0, 0, 4, 21
"c:\Users\name\Documents\mygame\src\main\java\com\mygame\dto\review\ReviewRequest.java", "Java", 0, 13, 0, 0, 0, 0, 3, 16
"c:\Users\name\Documents\mygame\src\main\java\com\mygame\dto\review\ReviewResponse.java", "Java", 0, 34, 0, 0, 0, 0, 6, 40
"c:\Users\name\Documents\mygame\src\main\java\com\mygame\dto\reward\RewardStrategyRequest.java", "Java", 0, 10, 0, 0, 0, 0, 3, 13
"c:\Users\name\Documents\mygame\src\main\java\com\mygame\dto\reward\RewardStrategyResponse.java", "Java", 0, 14, 0, 0, 0, 0, 4, 18
"c:\Users\name\Documents\mygame\src\main\java\com\mygame\dto\statistic\StatisticResource.java", "Java", 0, 12, 0, 0, 0, 0, 4, 16
"c:\Users\name\Documents\mygame\src\main\java\com\mygame\dto\statistic\StatisticResponse.java", "Java", 0, 18, 0, 0, 0, 0, 4, 22
"c:\Users\name\Documents\mygame\src\main\java\com\mygame\dto\waybill\GhnCallbackOrderRequest.java", "Java", 0, 15, 0, 0, 0, 0, 4, 19
"c:\Users\name\Documents\mygame\src\main\java\com\mygame\dto\waybill\GhnCancelOrderRequest.java", "Java", 0, 11, 0, 0, 0, 1, 4, 16
"c:\Users\name\Documents\mygame\src\main\java\com\mygame\dto\waybill\GhnCancelOrderResponse.java", "Java", 0, 22, 0, 0, 0, 1, 5, 28
"c:\Users\name\Documents\mygame\src\main\java\com\mygame\dto\waybill\GhnCreateOrderRequest.java", "Java", 0, 57, 0, 0, 0, 1, 5, 63
"c:\Users\name\Documents\mygame\src\main\java\com\mygame\dto\waybill\GhnCreateOrderResponse.java", "Java", 0, 65, 0, 0, 0, 1, 8, 74
"c:\Users\name\Documents\mygame\src\main\java\com\mygame\dto\waybill\GhnUpdateOrderRequest.java", "Java", 0, 15, 0, 0, 0, 1, 3, 19
"c:\Users\name\Documents\mygame\src\main\java\com\mygame\dto\waybill\GhnUpdateOrderResponse.java", "Java", 0, 10, 0, 0, 0, 1, 3, 14
"c:\Users\name\Documents\mygame\src\main\java\com\mygame\dto\waybill\WaybillRequest.java", "Java", 0, 20, 0, 0, 0, 0, 4, 24
"c:\Users\name\Documents\mygame\src\main\java\com\mygame\dto\waybill\WaybillResponse.java", "Java", 0, 27, 0, 0, 0, 0, 4, 31
"c:\Users\name\Documents\mygame\src\main\java\com\mygame\entity\BaseEntity.java", "Java", 0, 32, 0, 0, 0, 0, 9, 41
"c:\Users\name\Documents\mygame\src\main\java\com\mygame\entity\address\Address.java", "Java", 0, 32, 0, 0, 0, 0, 7, 39
"c:\Users\name\Documents\mygame\src\main\java\com\mygame\entity\address\District.java", "Java", 0, 35, 0, 0, 0, 0, 8, 43
"c:\Users\name\Documents\mygame\src\main\java\com\mygame\entity\address\Province.java", "Java", 0, 30, 0, 0, 0, 0, 7, 37
"c:\Users\name\Documents\mygame\src\main\java\com\mygame\entity\address\Ward.java", "Java", 0, 32, 0, 0, 0, 0, 7, 39
"c:\Users\name\Documents\mygame\src\main\java\com\mygame\entity\authentication\RefreshToken.java", "Java", 0, 25, 0, 0, 0, 0, 6, 31
"c:\Users\name\Documents\mygame\src\main\java\com\mygame\entity\authentication\Role.java", "Java", 0, 30, 0, 0, 0, 0, 7, 37
"c:\Users\name\Documents\mygame\src\main\java\com\mygame\entity\authentication\User.java", "Java", 0, 83, 0, 0, 0, 5, 25, 113
"c:\Users\name\Documents\mygame\src\main\java\com\mygame\entity\authentication\Verification.java", "Java", 0, 28, 0, 0, 0, 0, 7, 35
"c:\Users\name\Documents\mygame\src\main\java\com\mygame\entity\authentication\VerificationType.java", "Java", 0, 5, 0, 0, 0, 0, 2, 7
"c:\Users\name\Documents\mygame\src\main\java\com\mygame\entity\cart\Cart.java", "Java", 0, 29, 0, 0, 0, 2, 6, 37
"c:\Users\name\Documents\mygame\src\main\java\com\mygame\entity\cart\CartVariant.java", "Java", 0, 32, 0, 0, 0, 0, 8, 40
"c:\Users\name\Documents\mygame\src\main\java\com\mygame\entity\cart\CartVariantKey.java", "Java", 0, 18, 0, 0, 0, 0, 5, 23
"c:\Users\name\Documents\mygame\src\main\java\com\mygame\entity\cashbook\PaymentMethod.java", "Java", 0, 24, 0, 0, 0, 0, 6, 30
"c:\Users\name\Documents\mygame\src\main\java\com\mygame\entity\cashbook\PaymentMethodType.java", "Java", 0, 5, 0, 0, 0, 0, 2, 7
"c:\Users\name\Documents\mygame\src\main\java\com\mygame\entity\chat\Message.java", "Java", 0, 33, 0, 0, 0, 0, 8, 41
"c:\Users\name\Documents\mygame\src\main\java\com\mygame\entity\chat\Room.java", "Java", 0, 32, 0, 0, 0, 0, 7, 39
"c:\Users\name\Documents\mygame\src\main\java\com\mygame\entity\client\Preorder.java", "Java", 0, 27, 0, 0, 0, 1, 6, 34
"c:\Users\name\Documents\mygame\src\main\java\com\mygame\entity\client\Wish.java", "Java", 0, 25, 0, 0, 0, 0, 5, 30
"c:\Users\name\Documents\mygame\src\main\java\com\mygame\entity\customer\Customer.java", "Java", 0, 34, 0, 0, 0, 0, 7, 41
"c:\Users\name\Documents\mygame\src\main\java\com\mygame\entity\customer\CustomerGroup.java", "Java", 0, 33, 0, 0, 0, 0, 9, 42
"c:\Users\name\Documents\mygame\src\main\java\com\mygame\entity\customer\CustomerResource.java", "Java", 0, 37, 0, 0, 0, 0, 10, 47
"c:\Users\name\Documents\mygame\src\main\java\com\mygame\entity\customer\CustomerStatus.java", "Java", 0, 33, 0, 0, 0, 0, 9, 42
"c:\Users\name\Documents\mygame\src\main\java\com\mygame\entity\employee\Department.java", "Java", 0, 27, 0, 0, 0, 0, 6, 33
"c:\Users\name\Documents\mygame\src\main\java\com\mygame\entity\employee\Employee.java", "Java", 0, 42, 0, 0, 0, 0, 9, 51
"c:\Users\name\Documents\mygame\src\main\java\com\mygame\entity\employee\JobLevel.java", "Java", 0, 27, 0, 0, 0, 0, 6, 33
"c:\Users\name\Documents\mygame\src\main\java\com\mygame\entity\employee\JobTitle.java", "Java", 0, 27, 0, 0, 0, 0, 6, 33
"c:\Users\name\Documents\mygame\src\main\java\com\mygame\entity\employee\JobType.java", "Java", 0, 27, 0, 0, 0, 0, 6, 33
"c:\Users\name\Documents\mygame\src\main\java\com\mygame\entity\employee\Office.java", "Java", 0, 31, 0, 0, 0, 0, 7, 38
"c:\Users\name\Documents\mygame\src\main\java\com\mygame\entity\general\Image.java", "Java", 0, 37, 0, 0, 0, 8, 11, 56
"c:\Users\name\Documents\mygame\src\main\java\com\mygame\entity\general\Notification.java", "Java", 0, 30, 0, 0, 0, 1, 8, 39
"c:\Users\name\Documents\mygame\src\main\java\com\mygame\entity\general\NotificationType.java", "Java", 0, 11, 0, 0, 0, 0, 2, 13
"c:\Users\name\Documents\mygame\src\main\java\com\mygame\entity\inventory\Count.java", "Java", 0, 32, 0, 0, 0, 0, 8, 40
"c:\Users\name\Documents\mygame\src\main\java\com\mygame\entity\inventory\CountVariant.java", "Java", 0, 31, 0, 0, 0, 0, 8, 39
"c:\Users\name\Documents\mygame\src\main\java\com\mygame\entity\inventory\CountVariantKey.java", "Java", 0, 18, 0, 0, 0, 0, 5, 23
"c:\Users\name\Documents\mygame\src\main\java\com\mygame\entity\inventory\Destination.java", "Java", 0, 35, 0, 0, 0, 0, 9, 44
"c:\Users\name\Documents\mygame\src\main\java\com\mygame\entity\inventory\Docket.java", "Java", 0, 47, 0, 0, 0, 0, 12, 59
"c:\Users\name\Documents\mygame\src\main\java\com\mygame\entity\inventory\DocketReason.java", "Java", 0, 27, 0, 0, 0, 0, 7, 34
"c:\Users\name\Documents\mygame\src\main\java\com\mygame\entity\inventory\DocketVariant.java", "Java", 0, 29, 0, 0, 0, 0, 7, 36
"c:\Users\name\Documents\mygame\src\main\java\com\mygame\entity\inventory\DocketVariantKey.java", "Java", 0, 18, 0, 0, 0, 0, 5, 23
"c:\Users\name\Documents\mygame\src\main\java\com\mygame\entity\inventory\ProductInventoryLimit.java", "Java", 0, 26, 0, 0, 0, 0, 6, 32
"c:\Users\name\Documents\mygame\src\main\java\com\mygame\entity\inventory\PurchaseOrder.java", "Java", 0, 45, 0, 0, 0, 0, 11, 56
"c:\Users\name\Documents\mygame\src\main\java\com\mygame\entity\inventory\PurchaseOrderVariant.java", "Java", 0, 33, 0, 0, 0, 0, 9, 42
"c:\Users\name\Documents\mygame\src\main\java\com\mygame\entity\inventory\PurchaseOrderVariantKey.java", "Java", 0, 18, 0, 0, 0, 0, 5, 23
"c:\Users\name\Documents\mygame\src\main\java\com\mygame\entity\inventory\StorageLocation.java", "Java", 0, 29, 0, 0, 0, 0, 6, 35
"c:\Users\name\Documents\mygame\src\main\java\com\mygame\entity\inventory\Transfer.java", "Java", 0, 27, 0, 0, 0, 0, 7, 34
"c:\Users\name\Documents\mygame\src\main\java\com\mygame\entity\inventory\VariantInventoryLimit.java", "Java", 0, 26, 0, 0, 0, 0, 6, 32
"c:\Users\name\Documents\mygame\src\main\java\com\mygame\entity\inventory\Warehouse.java", "Java", 0, 39, 0, 0, 0, 0, 10, 49
"c:\Users\name\Documents\mygame\src\main\java\com\mygame\entity\order\Order.java", "Java", 0, 82, 0, 0, 0, 2, 27, 111
"c:\Users\name\Documents\mygame\src\main\java\com\mygame\entity\order\OrderCancellationReason.java", "Java", 0, 29, 0, 0, 0, 0, 7, 36
"c:\Users\name\Documents\mygame\src\main\java\com\mygame\entity\order\OrderResource.java", "Java", 0, 37, 0, 0, 0, 0, 9, 46
"c:\Users\name\Documents\mygame\src\main\java\com\mygame\entity\order\OrderVariant.java", "Java", 0, 34, 0, 0, 0, 0, 9, 43
"c:\Users\name\Documents\mygame\src\main\java\com\mygame\entity\order\OrderVariantKey.java", "Java", 0, 18, 0, 0, 0, 0, 5, 23
"c:\Users\name\Documents\mygame\src\main\java\com\mygame\entity\product\Brand.java", "Java", 0, 31, 0, 0, 0, 0, 8, 39
"c:\Users\name\Documents\mygame\src\main\java\com\mygame\entity\product\Category.java", "Java", 0, 41, 0, 0, 0, 0, 11, 52
"c:\Users\name\Documents\mygame\src\main\java\com\mygame\entity\product\Guarantee.java", "Java", 0, 29, 0, 0, 0, 0, 7, 36
"c:\Users\name\Documents\mygame\src\main\java\com\mygame\entity\product\Product.java", "Java", 0, 91, 0, 0, 0, 2, 25, 118
"c:\Users\name\Documents\mygame\src\main\java\com\mygame\entity\product\Property.java", "Java", 0, 27, 0, 0, 0, 0, 7, 34
"c:\Users\name\Documents\mygame\src\main\java\com\mygame\entity\product\Specification.java", "Java", 0, 27, 0, 0, 0, 0, 7, 34
"c:\Users\name\Documents\mygame\src\main\java\com\mygame\entity\product\Supplier.java", "Java", 0, 59, 0, 0, 0, 0, 20, 79
"c:\Users\name\Documents\mygame\src\main\java\com\mygame\entity\product\Tag.java", "Java", 0, 30, 0, 0, 0, 0, 7, 37
"c:\Users\name\Documents\mygame\src\main\java\com\mygame\entity\product\Unit.java", "Java", 0, 27, 0, 0, 0, 0, 6, 33
"c:\Users\name\Documents\mygame\src\main\java\com\mygame\entity\product\Variant.java", "Java", 0, 56, 0, 0, 0, 5, 16, 77
"c:\Users\name\Documents\mygame\src\main\java\com\mygame\entity\promotion\Promotion.java", "Java", 0, 38, 0, 0, 0, 0, 9, 47
"c:\Users\name\Documents\mygame\src\main\java\com\mygame\entity\review\Review.java", "Java", 0, 33, 0, 0, 0, 3, 9, 45
"c:\Users\name\Documents\mygame\src\main\java\com\mygame\entity\reward\RewardLog.java", "Java", 0, 28, 0, 0, 0, 0, 7, 35
"c:\Users\name\Documents\mygame\src\main\java\com\mygame\entity\reward\RewardStrategy.java", "Java", 0, 26, 0, 0, 0, 0, 7, 33
"c:\Users\name\Documents\mygame\src\main\java\com\mygame\entity\reward\RewardType.java", "Java", 0, 5, 0, 0, 0, 0, 2, 7
"c:\Users\name\Documents\mygame\src\main\java\com\mygame\entity\waybill\RequiredNote.java", "Java", 0, 6, 0, 0, 0, 0, 2, 8
"c:\Users\name\Documents\mygame\src\main\java\com\mygame\entity\waybill\Waybill.java", "Java", 0, 55, 0, 0, 0, 1, 18, 74
"c:\Users\name\Documents\mygame\src\main\java\com\mygame\entity\waybill\WaybillLog.java", "Java", 0, 26, 0, 0, 0, 0, 6, 32
"c:\Users\name\Documents\mygame\src\main\java\com\mygame\exception\ApplicationExceptionHandler.java", "Java", 0, 48, 0, 0, 0, 0, 9, 57
"c:\Users\name\Documents\mygame\src\main\java\com\mygame\exception\ErrorMessage.java", "Java", 0, 10, 0, 0, 0, 0, 4, 14
"c:\Users\name\Documents\mygame\src\main\java\com\mygame\exception\ExpiredTokenException.java", "Java", 0, 9, 0, 0, 0, 0, 5, 14
"c:\Users\name\Documents\mygame\src\main\java\com\mygame\exception\FileStorageException.java", "Java", 0, 9, 0, 0, 0, 0, 5, 14
"c:\Users\name\Documents\mygame\src\main\java\com\mygame\exception\RefreshTokenException.java", "Java", 0, 9, 0, 0, 0, 0, 5, 14
"c:\Users\name\Documents\mygame\src\main\java\com\mygame\exception\ResourceNotFoundException.java", "Java", 0, 9, 0, 0, 0, 0, 5, 14
"c:\Users\name\Documents\mygame\src\main\java\com\mygame\exception\StorageFileNotFoundException.java", "Java", 0, 12, 0, 0, 0, 0, 6, 18
"c:\Users\name\Documents\mygame\src\main\java\com\mygame\exception\VerificationException.java", "Java", 0, 9, 0, 0, 0, 0, 5, 14
"c:\Users\name\Documents\mygame\src\main\java\com\mygame\inventory\ProductInventory.java", "Java", 0, 14, 0, 0, 0, 0, 4, 18
"c:\Users\name\Documents\mygame\src\main\java\com\mygame\inventory\SimpleProductInventory.java", "Java", 0, 23, 0, 0, 0, 0, 4, 27
"c:\Users\name\Documents\mygame\src\main\java\com\mygame\inventory\VariantInventory.java", "Java", 0, 14, 0, 0, 0, 0, 4, 18
"c:\Users\name\Documents\mygame\src\main\java\com\mygame\mapper\GenericMapper.java", "Java", 0, 10, 0, 0, 0, 0, 10, 20
"c:\Users\name\Documents\mygame\src\main\java\com\mygame\mapper\address\AddressMapper.java", "Java", 0, 23, 0, 0, 0, 0, 6, 29
"c:\Users\name\Documents\mygame\src\main\java\com\mygame\mapper\address\DistrictMapper.java", "Java", 0, 19, 0, 0, 0, 0, 6, 25
"c:\Users\name\Documents\mygame\src\main\java\com\mygame\mapper\address\ProvinceMapper.java", "Java", 0, 10, 0, 0, 0, 0, 3, 13
"c:\Users\name\Documents\mygame\src\main\java\com\mygame\mapper\address\WardMapper.java", "Java", 0, 19, 0, 0, 0, 0, 6, 25
"c:\Users\name\Documents\mygame\src\main\java\com\mygame\mapper\authentication\RoleMapper.java", "Java", 0, 10, 0, 0, 0, 0, 3, 13
"c:\Users\name\Documents\mygame\src\main\java\com\mygame\mapper\authentication\UserMapper.java", "Java", 0, 29, 0, 0, 0, 0, 9, 38
"c:\Users\name\Documents\mygame\src\main\java\com\mygame\mapper\cashbook\PaymentMethodMapper.java", "Java", 0, 18, 0, 0, 0, 0, 7, 25
"c:\Users\name\Documents\mygame\src\main\java\com\mygame\mapper\chat\MessageMapper.java", "Java", 0, 16, 0, 0, 0, 0, 5, 21
"c:\Users\name\Documents\mygame\src\main\java\com\mygame\mapper\chat\RoomMapper.java", "Java", 0, 15, 0, 0, 0, 0, 5, 20
"c:\Users\name\Documents\mygame\src\main\java\com\mygame\mapper\client\ClientCartMapper.java", "Java", 0, 115, 0, 0, 0, 3, 17, 135
"c:\Users\name\Documents\mygame\src\main\java\com\mygame\mapper\client\ClientCategoryMapper.java", "Java", 0, 39, 0, 0, 0, 6, 13, 58
"c:\Users\name\Documents\mygame\src\main\java\com\mygame\mapper\client\ClientOrderMapper.java", "Java", 0, 87, 0, 0, 0, 0, 16, 103
"c:\Users\name\Documents\mygame\src\main\java\com\mygame\mapper\client\ClientPreorderMapper.java", "Java", 0, 38, 0, 0, 0, 1, 9, 48
"c:\Users\name\Documents\mygame\src\main\java\com\mygame\mapper\client\ClientProductMapper.java", "Java", 0, 107, 0, 0, 0, 0, 17, 124
"c:\Users\name\Documents\mygame\src\main\java\com\mygame\mapper\client\ClientReviewMapper.java", "Java", 0, 59, 0, 0, 0, 1, 10, 70
"c:\Users\name\Documents\mygame\src\main\java\com\mygame\mapper\client\ClientRewardLogMapper.java", "Java", 0, 17, 0, 0, 0, 0, 7, 24
"c:\Users\name\Documents\mygame\src\main\java\com\mygame\mapper\client\ClientWishMapper.java", "Java", 0, 29, 0, 0, 0, 1, 8, 38
"c:\Users\name\Documents\mygame\src\main\java\com\mygame\mapper\customer\CustomerGroupMapper.java", "Java", 0, 10, 0, 0, 0, 0, 3, 13
"c:\Users\name\Documents\mygame\src\main\java\com\mygame\mapper\customer\CustomerMapper.java", "Java", 0, 24, 0, 0, 0, 0, 6, 30
"c:\Users\name\Documents\mygame\src\main\java\com\mygame\mapper\customer\CustomerResourceMapper.java", "Java", 0, 10, 0, 0, 0, 0, 3, 13
"c:\Users\name\Documents\mygame\src\main\java\com\mygame\mapper\customer\CustomerStatusMapper.java", "Java", 0, 10, 0, 0, 0, 0, 3, 13
"c:\Users\name\Documents\mygame\src\main\java\com\mygame\mapper\employee\DepartmentMapper.java", "Java", 0, 10, 0, 0, 0, 0, 3, 13
"c:\Users\name\Documents\mygame\src\main\java\com\mygame\mapper\employee\EmployeeMapper.java", "Java", 0, 28, 0, 0, 0, 0, 6, 34
"c:\Users\name\Documents\mygame\src\main\java\com\mygame\mapper\employee\JobLevelMapper.java", "Java", 0, 10, 0, 0, 0, 0, 3, 13
"c:\Users\name\Documents\mygame\src\main\java\com\mygame\mapper\employee\JobTitleMapper.java", "Java", 0, 10, 0, 0, 0, 0, 3, 13
"c:\Users\name\Documents\mygame\src\main\java\com\mygame\mapper\employee\JobTypeMapper.java", "Java", 0, 10, 0, 0, 0, 0, 3, 13
"c:\Users\name\Documents\mygame\src\main\java\com\mygame\mapper\employee\OfficeMapper.java", "Java", 0, 11, 0, 0, 0, 0, 3, 14
"c:\Users\name\Documents\mygame\src\main\java\com\mygame\mapper\general\EventMapper.java", "Java", 0, 15, 0, 0, 0, 0, 5, 20
"c:\Users\name\Documents\mygame\src\main\java\com\mygame\mapper\general\ImageMapper.java", "Java", 0, 9, 0, 0, 0, 0, 3, 12
"c:\Users\name\Documents\mygame\src\main\java\com\mygame\mapper\general\NotificationMapper.java", "Java", 0, 19, 0, 0, 0, 0, 6, 25
"c:\Users\name\Documents\mygame\src\main\java\com\mygame\mapper\inventory\CountMapper.java", "Java", 0, 19, 0, 0, 0, 0, 6, 25
"c:\Users\name\Documents\mygame\src\main\java\com\mygame\mapper\inventory\CountVariantMapper.java", "Java", 0, 19, 0, 0, 0, 0, 6, 25
"c:\Users\name\Documents\mygame\src\main\java\com\mygame\mapper\inventory\DestinationMapper.java", "Java", 0, 10, 0, 0, 0, 0, 3, 13
"c:\Users\name\Documents\mygame\src\main\java\com\mygame\mapper\inventory\DocketMapper.java", "Java", 0, 25, 0, 0, 0, 0, 6, 31
"c:\Users\name\Documents\mygame\src\main\java\com\mygame\mapper\inventory\DocketReasonMapper.java", "Java", 0, 9, 0, 0, 0, 0, 3, 12
"c:\Users\name\Documents\mygame\src\main\java\com\mygame\mapper\inventory\DocketVariantMapper.java", "Java", 0, 24, 0, 0, 0, 0, 8, 32
"c:\Users\name\Documents\mygame\src\main\java\com\mygame\mapper\inventory\ProductInventoryLimitMapper.java", "Java", 0, 20, 0, 0, 0, 0, 6, 26
"c:\Users\name\Documents\mygame\src\main\java\com\mygame\mapper\inventory\PurchaseOrderMapper.java", "Java", 0, 22, 0, 0, 0, 0, 6, 28
"c:\Users\name\Documents\mygame\src\main\java\com\mygame\mapper\inventory\PurchaseOrderVariantMapper.java", "Java", 0, 20, 0, 0, 0, 0, 6, 26
"c:\Users\name\Documents\mygame\src\main\java\com\mygame\mapper\inventory\StorageLocationMapper.java", "Java", 0, 23, 0, 0, 0, 0, 6, 29
"c:\Users\name\Documents\mygame\src\main\java\com\mygame\mapper\inventory\TransferMapper.java", "Java", 0, 9, 0, 0, 0, 0, 3, 12
"c:\Users\name\Documents\mygame\src\main\java\com\mygame\mapper\inventory\VariantInventoryLimitMapper.java", "Java", 0, 20, 0, 0, 0, 0, 6, 26
"c:\Users\name\Documents\mygame\src\main\java\com\mygame\mapper\inventory\WarehouseMapper.java", "Java", 0, 10, 0, 0, 0, 0, 3, 13
"c:\Users\name\Documents\mygame\src\main\java\com\mygame\mapper\order\OrderCancellationReasonMapper.java", "Java", 0, 10, 0, 0, 0, 0, 3, 13
"c:\Users\name\Documents\mygame\src\main\java\com\mygame\mapper\order\OrderMapper.java", "Java", 0, 25, 0, 0, 0, 0, 7, 32
"c:\Users\name\Documents\mygame\src\main\java\com\mygame\mapper\order\OrderResourceMapper.java", "Java", 0, 21, 0, 0, 0, 0, 7, 28
"c:\Users\name\Documents\mygame\src\main\java\com\mygame\mapper\order\OrderVariantMapper.java", "Java", 0, 19, 0, 0, 0, 0, 6, 25
"c:\Users\name\Documents\mygame\src\main\java\com\mygame\mapper\product\BrandMapper.java", "Java", 0, 9, 0, 0, 0, 0, 3, 12
"c:\Users\name\Documents\mygame\src\main\java\com\mygame\mapper\product\CategoryMapper.java", "Java", 0, 19, 0, 0, 0, 0, 6, 25
"c:\Users\name\Documents\mygame\src\main\java\com\mygame\mapper\product\GuaranteeMapper.java", "Java", 0, 10, 0, 0, 0, 0, 3, 13
"c:\Users\name\Documents\mygame\src\main\java\com\mygame\mapper\product\ProductInventoryMapper.java", "Java", 0, 13, 0, 0, 0, 0, 7, 20
"c:\Users\name\Documents\mygame\src\main\java\com\mygame\mapper\product\ProductMapper.java", "Java", 0, 29, 0, 0, 0, 0, 6, 35
"c:\Users\name\Documents\mygame\src\main\java\com\mygame\mapper\product\PropertyMapper.java", "Java", 0, 10, 0, 0, 0, 0, 3, 13
"c:\Users\name\Documents\mygame\src\main\java\com\mygame\mapper\product\SpecificationMapper.java", "Java", 0, 10, 0, 0, 0, 0, 3, 13
"c:\Users\name\Documents\mygame\src\main\java\com\mygame\mapper\product\SupplierMapper.java", "Java", 0, 11, 0, 0, 0, 0, 3, 14
"c:\Users\name\Documents\mygame\src\main\java\com\mygame\mapper\product\TagMapper.java", "Java", 0, 10, 0, 0, 0, 0, 3, 13
"c:\Users\name\Documents\mygame\src\main\java\com\mygame\mapper\product\UnitMapper.java", "Java", 0, 10, 0, 0, 0, 0, 3, 13
"c:\Users\name\Documents\mygame\src\main\java\com\mygame\mapper\product\VariantInventoryMapper.java", "Java", 0, 12, 0, 0, 0, 0, 7, 19
"c:\Users\name\Documents\mygame\src\main\java\com\mygame\mapper\product\VariantMapper.java", "Java", 0, 10, 0, 0, 0, 0, 3, 13
"c:\Users\name\Documents\mygame\src\main\java\com\mygame\mapper\promotion\PromotionMapper.java", "Java", 0, 45, 0, 0, 0, 0, 11, 56
"c:\Users\name\Documents\mygame\src\main\java\com\mygame\mapper\review\ReviewMapper.java", "Java", 0, 21, 0, 0, 0, 0, 6, 27
"c:\Users\name\Documents\mygame\src\main\java\com\mygame\mapper\reward\RewardStrategyMapper.java", "Java", 0, 12, 0, 0, 0, 0, 5, 17
"c:\Users\name\Documents\mygame\src\main\java\com\mygame\mapper\waybill\WaybillMapper.java", "Java", 0, 20, 0, 0, 0, 0, 6, 26
"c:\Users\name\Documents\mygame\src\main\java\com\mygame\repository\ProjectionRepository.java", "Java", 0, 75, 0, 0, 0, 0, 11, 86
"c:\Users\name\Documents\mygame\src\main\java\com\mygame\repository\address\AddressRepository.java", "Java", 0, 6, 0, 0, 0, 0, 3, 9
"c:\Users\name\Documents\mygame\src\main\java\com\mygame\repository\address\DistrictRepository.java", "Java", 0, 6, 0, 0, 0, 0, 3, 9
"c:\Users\name\Documents\mygame\src\main\java\com\mygame\repository\address\ProvinceRepository.java", "Java", 0, 6, 0, 0, 0, 0, 3, 9
"c:\Users\name\Documents\mygame\src\main\java\com\mygame\repository\address\WardRepository.java", "Java", 0, 5, 0, 0, 0, 0, 3, 8
"c:\Users\name\Documents\mygame\src\main\java\com\mygame\repository\authentication\RefreshTokenRepository.java", "Java", 0, 8, 0, 0, 0, 0, 6, 14
"c:\Users\name\Documents\mygame\src\main\java\com\mygame\repository\authentication\RoleRepository.java", "Java", 0, 6, 0, 0, 0, 0, 3, 9
"c:\Users\name\Documents\mygame\src\main\java\com\mygame\repository\authentication\UserProjectionRepository.java", "Java", 0, 25, 0, 0, 0, 0, 9, 34
"c:\Users\name\Documents\mygame\src\main\java\com\mygame\repository\authentication\UserRepository.java", "Java", 0, 12, 0, 0, 0, 0, 10, 22
"c:\Users\name\Documents\mygame\src\main\java\com\mygame\repository\authentication\VerificationRepository.java", "Java", 0, 8, 0, 0, 0, 0, 6, 14
"c:\Users\name\Documents\mygame\src\main\java\com\mygame\repository\cart\CartRepository.java", "Java", 0, 11, 0, 0, 0, 0, 6, 17
"c:\Users\name\Documents\mygame\src\main\java\com\mygame\repository\cart\CartVariantRepository.java", "Java", 0, 7, 0, 0, 0, 0, 3, 10
"c:\Users\name\Documents\mygame\src\main\java\com\mygame\repository\cashbook\PaymentMethodRepository.java", "Java", 0, 8, 0, 0, 0, 0, 6, 14
"c:\Users\name\Documents\mygame\src\main\java\com\mygame\repository\chat\MessageRepository.java", "Java", 0, 9, 0, 0, 0, 0, 5, 14
"c:\Users\name\Documents\mygame\src\main\java\com\mygame\repository\chat\RoomRepository.java", "Java", 0, 8, 0, 0, 0, 0, 6, 14
"c:\Users\name\Documents\mygame\src\main\java\com\mygame\repository\client\PreorderRepository.java", "Java", 0, 20, 0, 0, 0, 0, 8, 28
"c:\Users\name\Documents\mygame\src\main\java\com\mygame\repository\client\WishRepository.java", "Java", 0, 18, 0, 0, 0, 0, 7, 25
"c:\Users\name\Documents\mygame\src\main\java\com\mygame\repository\customer\CustomerGroupRepository.java", "Java", 0, 6, 0, 0, 0, 0, 2, 8
"c:\Users\name\Documents\mygame\src\main\java\com\mygame\repository\customer\CustomerRepository.java", "Java", 0, 9, 0, 0, 0, 0, 5, 14
"c:\Users\name\Documents\mygame\src\main\java\com\mygame\repository\customer\CustomerResourceRepository.java", "Java", 0, 6, 0, 0, 0, 0, 2, 8
"c:\Users\name\Documents\mygame\src\main\java\com\mygame\repository\customer\CustomerStatusRepository.java", "Java", 0, 6, 0, 0, 0, 0, 2, 8
"c:\Users\name\Documents\mygame\src\main\java\com\mygame\repository\employee\DepartmentRepository.java", "Java", 0, 6, 0, 0, 0, 0, 2, 8
"c:\Users\name\Documents\mygame\src\main\java\com\mygame\repository\employee\EmployeeRepository.java", "Java", 0, 6, 0, 0, 0, 0, 3, 9
"c:\Users\name\Documents\mygame\src\main\java\com\mygame\repository\employee\JobLevelRepository.java", "Java", 0, 6, 0, 0, 0, 0, 2, 8
"c:\Users\name\Documents\mygame\src\main\java\com\mygame\repository\employee\JobTitleRepository.java", "Java", 0, 6, 0, 0, 0, 0, 2, 8
"c:\Users\name\Documents\mygame\src\main\java\com\mygame\repository\employee\JobTypeRepository.java", "Java", 0, 6, 0, 0, 0, 0, 2, 8
"c:\Users\name\Documents\mygame\src\main\java\com\mygame\repository\employee\OfficeRepository.java", "Java", 0, 6, 0, 0, 0, 0, 3, 9
"c:\Users\name\Documents\mygame\src\main\java\com\mygame\repository\general\EmitterRepository.java", "Java", 0, 10, 0, 0, 0, 0, 10, 20
"c:\Users\name\Documents\mygame\src\main\java\com\mygame\repository\general\ImageRepository.java", "Java", 0, 5, 0, 0, 0, 0, 3, 8
"c:\Users\name\Documents\mygame\src\main\java\com\mygame\repository\general\InMemoryEmitterRepository.java", "Java", 0, 49, 0, 0, 0, 0, 11, 60
"c:\Users\name\Documents\mygame\src\main\java\com\mygame\repository\general\NotificationRepository.java", "Java", 0, 16, 0, 0, 0, 0, 5, 21
"c:\Users\name\Documents\mygame\src\main\java\com\mygame\repository\inventory\CountRepository.java", "Java", 0, 5, 0, 0, 0, 0, 3, 8
"c:\Users\name\Documents\mygame\src\main\java\com\mygame\repository\inventory\CountVariantRepository.java", "Java", 0, 7, 0, 0, 0, 0, 3, 10
"c:\Users\name\Documents\mygame\src\main\java\com\mygame\repository\inventory\DestinationRepository.java", "Java", 0, 5, 0, 0, 0, 0, 3, 8
"c:\Users\name\Documents\mygame\src\main\java\com\mygame\repository\inventory\DocketReasonRepository.java", "Java", 0, 5, 0, 0, 0, 0, 3, 8
"c:\Users\name\Documents\mygame\src\main\java\com\mygame\repository\inventory\DocketRepository.java", "Java", 0, 5, 0, 0, 0, 0, 3, 8
"c:\Users\name\Documents\mygame\src\main\java\com\mygame\repository\inventory\DocketVariantRepository.java", "Java", 0, 30, 0, 0, 0, 0, 11, 41
"c:\Users\name\Documents\mygame\src\main\java\com\mygame\repository\inventory\ProductInventoryLimitRepository.java", "Java", 0, 6, 0, 0, 0, 0, 3, 9
"c:\Users\name\Documents\mygame\src\main\java\com\mygame\repository\inventory\PurchaseOrderRepository.java", "Java", 0, 5, 0, 0, 0, 0, 3, 8
"c:\Users\name\Documents\mygame\src\main\java\com\mygame\repository\inventory\PurchaseOrderVariantRepository.java", "Java", 0, 7, 0, 0, 0, 0, 3, 10
"c:\Users\name\Documents\mygame\src\main\java\com\mygame\repository\inventory\StorageLocationRepository.java", "Java", 0, 5, 0, 0, 0, 0, 3, 8
"c:\Users\name\Documents\mygame\src\main\java\com\mygame\repository\inventory\TransferRepository.java", "Java", 0, 5, 0, 0, 0, 0, 3, 8
"c:\Users\name\Documents\mygame\src\main\java\com\mygame\repository\inventory\VariantInventoryLimitRepository.java", "Java", 0, 6, 0, 0, 0, 0, 3, 9
"c:\Users\name\Documents\mygame\src\main\java\com\mygame\repository\inventory\WarehouseRepository.java", "Java", 0, 5, 0, 0, 0, 0, 3, 8
"c:\Users\name\Documents\mygame\src\main\java\com\mygame\repository\order\OrderCancellationReasonRepository.java", "Java", 0, 6, 0, 0, 0, 0, 3, 9
"c:\Users\name\Documents\mygame\src\main\java\com\mygame\repository\order\OrderProjectionRepository.java", "Java", 0, 25, 0, 0, 0, 0, 9, 34
"c:\Users\name\Documents\mygame\src\main\java\com\mygame\repository\order\OrderRepository.java", "Java", 0, 22, 0, 0, 0, 0, 9, 31
"c:\Users\name\Documents\mygame\src\main\java\com\mygame\repository\order\OrderResourceRepository.java", "Java", 0, 5, 0, 0, 0, 0, 3, 8
"c:\Users\name\Documents\mygame\src\main\java\com\mygame\repository\order\OrderVariantRepository.java", "Java", 0, 7, 0, 0, 0, 0, 3, 10
"c:\Users\name\Documents\mygame\src\main\java\com\mygame\repository\product\BrandRepository.java", "Java", 0, 45, 0, 0, 0, 0, 14, 59
"c:\Users\name\Documents\mygame\src\main\java\com\mygame\repository\product\CategoryRepository.java", "Java", 0, 10, 0, 0, 0, 0, 7, 17
"c:\Users\name\Documents\mygame\src\main\java\com\mygame\repository\product\GuaranteeRepository.java", "Java", 0, 6, 0, 0, 0, 0, 2, 8
"c:\Users\name\Documents\mygame\src\main\java\com\mygame\repository\product\ProductRepository.java", "Java", 0, 125, 0, 0, 0, 10, 32, 167
"c:\Users\name\Documents\mygame\src\main\java\com\mygame\repository\product\PropertyRepository.java", "Java", 0, 6, 0, 0, 0, 0, 2, 8
"c:\Users\name\Documents\mygame\src\main\java\com\mygame\repository\product\SpecificationRepository.java", "Java", 0, 6, 0, 0, 0, 0, 3, 9
"c:\Users\name\Documents\mygame\src\main\java\com\mygame\repository\product\SupplierRepository.java", "Java", 0, 9, 0, 0, 0, 0, 5, 14
"c:\Users\name\Documents\mygame\src\main\java\com\mygame\repository\product\TagRepository.java", "Java", 0, 6, 0, 0, 0, 0, 2, 8
"c:\Users\name\Documents\mygame\src\main\java\com\mygame\repository\product\UnitRepository.java", "Java", 0, 6, 0, 0, 0, 0, 2, 8
"c:\Users\name\Documents\mygame\src\main\java\com\mygame\repository\product\VariantRepository.java", "Java", 0, 20, 0, 0, 0, 0, 9, 29
"c:\Users\name\Documents\mygame\src\main\java\com\mygame\repository\promotion\PromotionRepository.java", "Java", 0, 34, 0, 0, 0, 0, 11, 45
"c:\Users\name\Documents\mygame\src\main\java\com\mygame\repository\review\ReviewProjectionRepository.java", "Java", 0, 25, 0, 0, 0, 0, 9, 34
"c:\Users\name\Documents\mygame\src\main\java\com\mygame\repository\review\ReviewRepository.java", "Java", 0, 33, 0, 0, 0, 0, 10, 43
"c:\Users\name\Documents\mygame\src\main\java\com\mygame\repository\reward\RewardLogRepository.java", "Java", 0, 12, 0, 0, 0, 0, 7, 19
"c:\Users\name\Documents\mygame\src\main\java\com\mygame\repository\reward\RewardStrategyRepository.java", "Java", 0, 9, 0, 0, 0, 0, 6, 15
"c:\Users\name\Documents\mygame\src\main\java\com\mygame\repository\waybill\WaybillLogRepository.java", "Java", 0, 5, 0, 0, 0, 0, 3, 8
"c:\Users\name\Documents\mygame\src\main\java\com\mygame\repository\waybill\WaybillProjectionRepository.java", "Java", 0, 25, 0, 0, 0, 0, 9, 34
"c:\Users\name\Documents\mygame\src\main\java\com\mygame\repository\waybill\WaybillRepository.java", "Java", 0, 14, 0, 0, 0, 0, 8, 22
"c:\Users\name\Documents\mygame\src\main\java\com\mygame\service\CrudService.java", "Java", 0, 73, 0, 0, 0, 0, 17, 90
"c:\Users\name\Documents\mygame\src\main\java\com\mygame\service\GenericService.java", "Java", 0, 55, 0, 0, 0, 0, 13, 68
"c:\Users\name\Documents\mygame\src\main\java\com\mygame\service\address\ProvinceService.java", "Java", 0, 5, 0, 0, 0, 0, 3, 8
"c:\Users\name\Documents\mygame\src\main\java\com\mygame\service\address\ProvinceServiceImpl.java", "Java", 0, 41, 0, 0, 0, 0, 13, 54
"c:\Users\name\Documents\mygame\src\main\java\com\mygame\service\auth\VerificationService.java", "Java", 0, 12, 0, 0, 0, 0, 10, 22
"c:\Users\name\Documents\mygame\src\main\java\com\mygame\service\auth\VerificationServiceImpl.java", "Java", 0, 171, 0, 0, 0, 7, 42, 220
"c:\Users\name\Documents\mygame\src\main\java\com\mygame\service\authetication\RefreshTokenService.java", "Java", 0, 9, 0, 0, 0, 0, 8, 17
"c:\Users\name\Documents\mygame\src\main\java\com\mygame\service\authetication\RefresherTokenServiceImpl.java", "Java", 0, 45, 0, 0, 0, 0, 12, 57
"c:\Users\name\Documents\mygame\src\main\java\com\mygame\service\chat\MessageService.java", "Java", 0, 5, 0, 0, 0, 0, 3, 8
"c:\Users\name\Documents\mygame\src\main\java\com\mygame\service\chat\MessageServiceImpl.java", "Java", 0, 56, 0, 0, 0, 2, 16, 74
"c:\Users\name\Documents\mygame\src\main\java\com\mygame\service\email\EmailSenderService.java", "Java", 0, 6, 0, 0, 0, 0, 6, 12
"c:\Users\name\Documents\mygame\src\main\java\com\mygame\service\email\EmailSenderServiceImpl.java", "Java", 0, 49, 0, 0, 0, 0, 12, 61
"c:\Users\name\Documents\mygame\src\main\java\com\mygame\service\general\EmitterService.java", "Java", 0, 33, 0, 0, 0, 0, 11, 44
"c:\Users\name\Documents\mygame\src\main\java\com\mygame\service\general\ImageService.java", "Java", 0, 9, 0, 0, 0, 0, 7, 16
"c:\Users\name\Documents\mygame\src\main\java\com\mygame\service\general\ImageServiceImpl.java", "Java", 0, 82, 0, 0, 0, 0, 15, 97
"c:\Users\name\Documents\mygame\src\main\java\com\mygame\service\general\NotificationService.java", "Java", 0, 5, 0, 0, 0, 0, 5, 10
"c:\Users\name\Documents\mygame\src\main\java\com\mygame\service\general\SseNotificationService.java", "Java", 0, 31, 0, 0, 0, 2, 7, 40
"c:\Users\name\Documents\mygame\src\main\java\com\mygame\service\inventory\CountVariantService.java", "Java", 0, 6, 0, 0, 0, 0, 3, 9
"c:\Users\name\Documents\mygame\src\main\java\com\mygame\service\inventory\CountVariantServiceImpl.java", "Java", 0, 42, 0, 0, 0, 0, 13, 55
"c:\Users\name\Documents\mygame\src\main\java\com\mygame\service\inventory\DocketService.java", "Java", 0, 5, 0, 0, 0, 0, 3, 8
"c:\Users\name\Documents\mygame\src\main\java\com\mygame\service\inventory\DocketServiceImpl.java", "Java", 0, 95, 0, 0, 0, 1, 26, 122
"c:\Users\name\Documents\mygame\src\main\java\com\mygame\service\inventory\DocketVariantService.java", "Java", 0, 6, 0, 0, 0, 0, 3, 9
"c:\Users\name\Documents\mygame\src\main\java\com\mygame\service\inventory\DocketVariantServiceImpl.java", "Java", 0, 42, 0, 0, 0, 0, 13, 55
"c:\Users\name\Documents\mygame\src\main\java\com\mygame\service\inventory\OrderVariantService.java", "Java", 0, 6, 0, 0, 0, 0, 3, 9
"c:\Users\name\Documents\mygame\src\main\java\com\mygame\service\inventory\OrderVariantServiceImpl.java", "Java", 0, 42, 0, 0, 0, 0, 13, 55
"c:\Users\name\Documents\mygame\src\main\java\com\mygame\service\inventory\PurchaseOrderVariantService.java", "Java", 0, 7, 0, 0, 0, 0, 3, 10
"c:\Users\name\Documents\mygame\src\main\java\com\mygame\service\inventory\PurchaseOrderVariantServiceImpl.java", "Java", 0, 42, 0, 0, 0, 0, 13, 55
"c:\Users\name\Documents\mygame\src\main\java\com\mygame\service\order\OrderService.java", "Java", 0, 8, 0, 0, 0, 0, 7, 15
"c:\Users\name\Documents\mygame\src\main\java\com\mygame\service\order\OrderServiceImpl.java", "Java", 0, 228, 0, 0, 0, 16, 54, 298
"c:\Users\name\Documents\mygame\src\main\java\com\mygame\service\promotion\PromotionService.java", "Java", 0, 8, 0, 0, 0, 0, 6, 14
"c:\Users\name\Documents\mygame\src\main\java\com\mygame\service\promotion\PromotionServiceImpl.java", "Java", 0, 68, 0, 0, 0, 0, 18, 86
"c:\Users\name\Documents\mygame\src\main\java\com\mygame\service\review\ReviewService.java", "Java", 0, 5, 0, 0, 0, 0, 3, 8
"c:\Users\name\Documents\mygame\src\main\java\com\mygame\service\review\ReviewServiceImpl.java", "Java", 0, 51, 0, 0, 0, 0, 14, 65
"c:\Users\name\Documents\mygame\src\main\java\com\mygame\service\statistic\StatisticService.java", "Java", 0, 5, 0, 0, 0, 0, 5, 10
"c:\Users\name\Documents\mygame\src\main\java\com\mygame\service\statistic\StatisticServiceImpl.java", "Java", 0, 63, 0, 0, 0, 1, 11, 75
"c:\Users\name\Documents\mygame\src\main\java\com\mygame\service\waybill\WaybillCallbackConstants.java", "Java", 0, 32, 0, 0, 0, 0, 4, 36
"c:\Users\name\Documents\mygame\src\main\java\com\mygame\service\waybill\WaybillService.java", "Java", 0, 8, 0, 0, 0, 0, 5, 13
"c:\Users\name\Documents\mygame\src\main\java\com\mygame\service\waybill\WaybillServiceImpl.java", "Java", 0, 305, 0, 0, 0, 14, 62, 381
"c:\Users\name\Documents\mygame\src\main\java\com\mygame\utils\DefaultInstantDeserializer.java", "Java", 0, 14, 0, 0, 0, 1, 4, 19
"c:\Users\name\Documents\mygame\src\main\java\com\mygame\utils\InventoryUtils.java", "Java", 0, 34, 0, 0, 0, 4, 14, 52
"c:\Users\name\Documents\mygame\src\main\java\com\mygame\utils\JsonNodeConverter.java", "Java", 0, 33, 0, 0, 0, 0, 10, 43
"c:\Users\name\Documents\mygame\src\main\java\com\mygame\utils\MapperUtils.java", "Java", 0, 161, 0, 0, 0, 0, 44, 205
"c:\Users\name\Documents\mygame\src\main\java\com\mygame\utils\RewardUtils.java", "Java", 0, 87, 0, 0, 0, 7, 23, 117
"c:\Users\name\Documents\mygame\src\main\java\com\mygame\utils\SearchUtils.java", "Java", 0, 15, 0, 0, 0, 0, 7, 22
"c:\Users\name\Documents\mygame\src\main\resources\application-ci.properties", "Java Properties", 0, 0, 1, 0, 0, 1, 1, 3
"c:\Users\name\Documents\mygame\src\main\resources\application-dev.properties", "Java Properties", 0, 0, 1, 0, 0, 1, 1, 3
"c:\Users\name\Documents\mygame\src\main\resources\application.properties", "Java Properties", 0, 0, 41, 0, 0, 14, 13, 68
"c:\Users\name\Documents\mygame\src\test\java\com\mygame\MygameApplicationTests.java", "Java", 0, 9, 0, 0, 0, 0, 5, 14
"Total", "-", 232, 12665, 45, 12, 108, 267, 3290, 16619